{"(2, 20)": {"banker": {"mean": 0.5, "var": 384.27777777777777, "sd": 19.60300430489617, "skewness": 0.3028085236848572, "kurt": -1.3059853059748976, "quantiles": [-23.0, -22.58, -19.36, -13.699999999999998, -9.079999999999998, -3.5, 6.240000000000016, 13.080000000000002, 22.40000000000001, 29.0, 29.0]}, "player-0": {"mean": 0.2, "var": 79.5111111111111, "sd": 8.916900308465443, "skewness": -0.22721455719121683, "kurt": -1.2089519175159298, "quantiles": [-13.0, -12.58, -10.24, -4.779999999999998, -0.5199999999999996, 1.0, 2.5200000000000014, 6.2400000000000055, 9.56, 11.16, 12.0]}, "player-1": {"mean": -0.7, "var": 182.9, "sd": 13.52405264704334, "skewness": 0.022312992781860493, "kurt": -1.072527963910079, "quantiles": [-21.0, -19.32, -14.8, -7.859999999999996, -2.039999999999999, -1.0, 0.0400000000000027, 7.480000000000011, 13.56, 17.48, 20.0]}}, "(3, 20)": {"banker": {"mean": 13.5, "var": 554.9444444444445, "sd": 23.557258848271044, "skewness": 0.5611949093538874, "kurt": -0.7828046029328828, "quantiles": [-13.0, -12.16, -9.24, -4.2399999999999975, 0.4400000000000013, 11.0, 21.040000000000003, 23.620000000000005, 33.400000000000006, 50.44, 58.0]}, "player-0": {"mean": -4.8, "var": 94.84444444444445, "sd": 9.738811243906746, "skewness": 1.0118315569593646, "kurt": -0.0653357212937502, "quantiles": [-16.0, -15.16, -11.8, -9.0, -9.0, -8.0, -5.959999999999997, -3.919999999999998, 3.720000000000006, 12.48, 15.0]}, "player-1": {"mean": -6.8, "var": 99.73333333333333, "sd": 9.986657765906136, "skewness": -0.38836221616313005, "kurt": -0.9279182990648867, "quantiles": [-23.0, -22.16, -17.92, -12.159999999999998, -7.119999999999997, -3.5, -2.4799999999999986, -0.9199999999999982, 0.5600000000000005, 5.0600000000000005, 8.0]}, "player-2": {"mean": -1.9, "var": 113.21111111111111, "sd": 10.640071010623524, "skewness": -0.0832954511227344, "kurt": -1.307958223398555, "quantiles": [-19.0, -16.060000000000002, -11.120000000000001, -9.079999999999998, -7.039999999999999, -3.0, 2.6000000000000068, 7.160000000000004, 9.56, 11.16, 12.0]}}, "(4, 20)": {"banker": {"mean": -9.6, "var": 2000.711111111111, "sd": 44.729309307333494, "skewness": 0.7583075959517948, "kurt": 0.15253946573789312, "quantiles": [-65.0, -63.739999999999995, -50.120000000000005, -31.319999999999993, -26.52, -19.0, 0.4800000000000324, 14.160000000000004, 16.560000000000002, 57.02000000000001, 86.0]}, "player-0": {"mean": 5.1, "var": 141.65555555555557, "sd": 11.901913945057558, "skewness": -0.6000298736248734, "kurt": -0.11284511149556575, "quantiles": [-19.0, -13.120000000000001, -4.5600000000000005, -0.7799999999999971, 4.920000000000002, 8.5, 10.0, 10.540000000000001, 13.240000000000002, 19.64, 23.0]}, "player-1": {"mean": -0.3, "var": 342.01111111111106, "sd": 18.49354241650612, "skewness": 0.4523306340991567, "kurt": -0.40659026867027004, "quantiles": [-30.0, -22.020000000000003, -11.0, -9.62, -7.52, -6.0, -1.3599999999999905, 5.7800000000000065, 17.960000000000008, 29.64, 33.0]}, "player-2": {"mean": 2.9, "var": 241.2111111111111, "sd": 15.530972638927386, "skewness": -1.0749620529569137, "kurt": 0.4877798375104616, "quantiles": [-32.0, -21.5, -6.5600000000000005, -4.619999999999999, 0.360000000000003, 7.0, 11.560000000000004, 13.540000000000001, 15.120000000000001, 18.32, 20.0]}, "player-3": {"mean": 1.9, "var": 72.9888888888889, "sd": 8.543353491977777, "skewness": -0.025153391349680036, "kurt": -1.3431494951040348, "quantiles": [-10.0, -9.58, -7.24, -3.6199999999999988, -1.5199999999999996, 2.0, 5.520000000000001, 7.620000000000003, 10.680000000000001, 13.16, 14.0]}}, "(5, 20)": {"banker": {"mean": 2.7, "var": 2194.011111111111, "sd": 46.840272321060546, "skewness": 0.30203771383877376, "kurt": -1.5563189220146143, "quantiles": [-42.0, -42.0, -41.56, -39.62, -35.599999999999994, -8.5, 22.76000000000002, 40.34000000000002, 51.120000000000005, 65.92, 76.0]}, "player-0": {"mean": 2.4, "var": 116.71111111111111, "sd": 10.803291679442479, "skewness": -0.3497411653170164, "kurt": -1.0858527618536067, "quantiles": [-17.0, -12.38, -6.0, -5.079999999999999, -3.039999999999999, 3.5, 9.520000000000001, 10.540000000000001, 12.120000000000001, 14.74, 16.0]}, "player-1": {"mean": 1.4, "var": 294.26666666666665, "sd": 17.15420259489396, "skewness": -0.7257275391864753, "kurt": -0.9219667180540121, "quantiles": [-27.0, -26.58, -19.400000000000002, -4.559999999999995, 3.0, 5.0, 10.120000000000008, 14.620000000000003, 16.560000000000002, 18.16, 19.0]}, "player-2": {"mean": 1.6, "var": 101.15555555555555, "sd": 10.057611821677925, "skewness": 0.27112194222621333, "kurt": -0.996183527355055, "quantiles": [-14.0, -10.64, -5.12, -4.0, -3.5199999999999996, -2.0, 2.120000000000008, 8.780000000000006, 12.56, 15.9, 18.0]}, "player-3": {"mean": -5.6, "var": 175.15555555555554, "sd": 13.23463469671738, "skewness": -0.3688436049192908, "kurt": -1.2497768886302603, "quantiles": [-28.0, -24.22, -18.56, -16.159999999999997, -8.239999999999995, -2.0, 0.0800000000000054, 4.700000000000005, 7.5600000000000005, 9.16, 10.0]}, "player-4": {"mean": -2.5, "var": 126.94444444444444, "sd": 11.266962520770381, "skewness": 0.26334903237384005, "kurt": -1.2273997002619117, "quantiles": [-16.0, -16.0, -14.24, -11.079999999999998, -8.079999999999998, -2.5, 2.0400000000000027, 3.0, 8.600000000000005, 14.16, 15.0]}}, "(6, 20)": {"banker": {"mean": -3.3, "var": 1080.9, "sd": 32.87704366271396, "skewness": -0.12553434132356187, "kurt": -1.0444851661239998, "quantiles": [-55.0, -50.800000000000004, -37.52, -20.179999999999993, -7.159999999999997, -2.5, 2.160000000000011, 17.88000000000002, 30.240000000000002, 39.54, 45.0]}, "player-0": {"mean": 1.8, "var": 40.4, "sd": 6.356099432828281, "skewness": -0.3063926397577294, "kurt": -0.4582412036583192, "quantiles": [-10.0, -7.9, -3.24, -0.5399999999999996, 0.0, 2.0, 4.520000000000001, 5.540000000000001, 6.5600000000000005, 9.9, 12.0]}, "player-1": {"mean": 5.6, "var": 143.15555555555557, "sd": 11.964763079792077, "skewness": 0.8439851451075452, "kurt": 0.628400377413012, "quantiles": [-12.0, -9.06, -2.8000000000000003, 0.9200000000000008, 2.0, 3.5, 5.520000000000001, 9.240000000000006, 13.120000000000001, 24.44, 32.0]}, "player-2": {"mean": 0.6, "var": 65.15555555555555, "sd": 8.0718991294215, "skewness": -0.6056571730388388, "kurt": -0.7521026858915789, "quantiles": [-13.0, -12.58, -8.48, -1.699999999999998, 1.4800000000000004, 2.0, 3.560000000000004, 5.0, 7.240000000000002, 10.16, 11.0]}, "player-3": {"mean": 1, "var": 157.77777777777777, "sd": 12.560962454277847, "skewness": 0.52088341493148, "kurt": -0.7485816306288435, "quantiles": [-16.0, -13.48, -10.0, -7.2399999999999975, -3.039999999999999, -1.0, 0.5200000000000014, 6.400000000000009, 13.800000000000002, 20.64, 24.0]}, "player-4": {"mean": -4.4, "var": 156.26666666666665, "sd": 12.500666648889837, "skewness": 0.21826106756738226, "kurt": -1.0605374941272865, "quantiles": [-22.0, -19.9, -16.12, -14.08, -9.639999999999997, -4.5, -0.9199999999999946, 4.2400000000000055, 7.0, 12.8, 17.0]}, "player-5": {"mean": -1.3, "var": 63.12222222222222, "sd": 7.94494947889678, "skewness": -0.16288071525039996, "kurt": -0.6645666738376113, "quantiles": [-15.0, -13.32, -7.92, -4.0, -3.039999999999999, -1.5, 0.0400000000000027, 2.6200000000000028, 6.240000000000002, 9.74, 11.0]}}, "(7, 20)": {"banker": {"mean": 21.5, "var": 6280.722222222223, "sd": 79.25100770477447, "skewness": -0.22371661516174304, "kurt": -0.5002738003876455, "quantiles": [-125.0, -93.08000000000001, -41.08, -21.339999999999993, 2.480000000000011, 31.0, 50.68000000000001, 56.08, 86.68000000000002, 130.88, 146.0]}, "player-0": {"mean": -1.2, "var": 163.06666666666666, "sd": 12.769755936064975, "skewness": -0.5614074416286506, "kurt": -1.101173630606436, "quantiles": [-21.0, -21.0, -17.04, -7.859999999999996, -1.0799999999999983, 2.5, 5.560000000000004, 7.540000000000001, 9.680000000000001, 12.74, 14.0]}, "player-1": {"mean": -4.3, "var": 254.45555555555555, "sd": 15.951663096854684,